Hours,Averages,Group,Percent Change
24,0.6441,Tr,0
12,0.6736,Tr,0.045800342
6,0.6957,Tr,0.032808789
3,0.7115,Tr,0.022710939
1,0.724,Tr,0.017568517
24,0.5385,Tc,0
12,0.5719,Tc,0.062024141
6,0.5961,Tc,0.04231509
3,0.6229,Tc,0.0449589
1,0.6488,Tc,0.041579708